<?xml version="1.0" encoding="UTF-8"?>
<emitter imageName="" name="Test Particle">
    <spawnInterval enabled="true" max="30.0" min="20.0"/>
    <spawnCount enabled="true" max="10.0" min="10.0"/>
    <initialLife enabled="true" max="200.0" min="10.0"/>
    <initialSize enabled="true" max="3.0" min="1.0"/>
    <xOffset enabled="true" max="10.0" min="-10.0"/>
    <yOffset enabled="true" max="10.0" min="-10.0"/>
    <initialDistance enabled="true" max="0.0" min="0.0"/>
    <speed enabled="true" max="10.0" min="5.0"/>
    <length enabled="false" max="5000.0" min="5000.0"/>
    <spread value="360.0"/>
    <angularOffset value="0.0"/>
    <growthFactor value="70.0"/>
    <gravityFactor value="0.0"/>
    <windFactor value="0.0"/>
    <startAlpha value="255.0"/>
    <endAlpha value="255.0"/>
  <color>
    <step b="1.0" g="1.0" offset="0.0" r="0.0"/>
    <step b="1.0" g="0.5" offset="0.20" r="0.0"/>
    <step b="1.0" g="0.0" offset="0.50" r="0.0"/>
    <step b="1.0" g="0.0" offset="0.95" r="0.5"/>
    <step b="1.0" g="0.0" offset="1.0" r="1.0"/>
  </color>
</emitter>
